Code,Opština,Godina,Ukupno,Austrija,Italija,Francuska,Holandija,Nemačka,Švajcarska,Švedska,Ujedinjeno Kraljevstvo,Kanada,SAD,Australija,Ostale,Mađarska,Rusija,Nepoznata zemlja
70017,ALEKSANDROVAC,1981,821,26,12,158,1,176,394,6,0,10,9,12,9,,,8
70025,ALEKSINAC,1981,1714,410,3,124,16,702,305,43,1,2,10,23,55,,,20
70033,ARANĐELOVAC,1981,1161,295,5,160,4,348,174,31,8,17,11,28,71,,,9
70041,ARILJE,1981,353,19,2,92,25,121,18,13,0,0,41,10,6,,,6
70050,BABUŠNICA,1981,386,49,2,54,6,159,27,55,0,5,6,10,9,,,4
70068,BAJINA BAŠTA,1981,562,46,0,188,20,140,117,10,0,4,6,1,24,,,6
70076,BATOČINA,1981,1869,638,33,641,0,302,88,28,0,11,76,6,43,,,3
70084,BELA PALANKA,1981,215,34,0,47,8,77,4,7,0,1,10,5,20,,,2
70092,BARAJEVO /Beograd/,1981,964,227,1,147,2,433,50,50,4,4,0,12,26,,,8
70106,VOŽDOVAC /Beograd/,1981,5153,393,58,823,36,2183,365,326,44,225,223,131,184,,,162
70114,VRAČAR /Beograd/,1981,3088,91,32,454,43,965,377,216,74,153,287,81,211,,,104
70122,GROCKA /Beograd/,1981,2611,1076,4,328,5,693,55,267,7,8,58,22,50,,,38
70149,ZVEZDARA /Beograd/,1981,4765,392,24,628,44,1938,328,411,55,209,273,110,226,,,127
70157,ZEMUN /Beograd/,1981,5286,458,39,622,47,2471,275,373,71,177,198,288,158,,,109
70165,LAZAREVAC /Beograd/,1981,1430,639,1,196,2,418,47,41,10,20,22,14,6,,,14
70173,MLADENOVAC /Beograd/,1981,1810,814,4,207,45,454,51,124,4,14,21,27,31,,,14
70181,NOVI BEOGRAD /Beograd/,1981,2832,153,53,282,47,1183,245,240,47,97,130,79,147,,,129
70190,OBRENOVAC /Beograd/,1981,2535,1336,14,243,11,584,97,87,6,25,13,33,38,,,48
70203,PALILULA /Beograd/,1981,4016,306,37,560,31,1623,311,287,36,177,264,77,220,,,87
70211,RAKOVICA /Beograd/,1981,1636,143,16,155,10,693,145,153,11,71,51,28,67,,,93
70220,SAVSKI VENAC,1981,2029,82,30,272,26,724,178,131,66,108,153,57,119,,,83
70238,SOPOT /Beograd/,1981,748,330,0,126,7,178,19,35,4,2,10,7,21,,,9
70246,STARI GRAD /Beograd/,1981,3200,123,45,506,39,971,309,273,84,182,318,89,171,,,90
70254,ČUKARICA /Beograd/,1981,3758,247,23,669,47,1470,347,342,27,112,105,88,113,,,168
70262,BLACE,1981,506,56,0,62,1,224,21,94,2,11,3,4,14,,,14
70289,BOGATIĆ,1981,1169,588,0,108,35,313,50,17,4,2,13,13,20,,,6
70297,BOJNIK,1981,351,33,1,99,18,122,15,21,1,1,14,10,11,,,5
70319,BOLJEVAC,1981,1028,629,0,88,2,239,53,3,1,0,4,0,5,,,4
70327,BOR,1981,594,204,2,121,3,189,26,9,0,16,6,1,16,,,1
70335,BOSILEGRAD,1981,130,4,0,8,0,43,4,1,0,0,0,3,41,,,26
70343,BRUS,1981,764,20,4,317,3,183,201,0,0,0,9,12,8,,,7
70351,BUJANOVAC,1981,2017,83,5,72,5,724,1068,25,0,0,0,9,11,,,15
70360,VALJEVO,1981,1937,295,0,297,77,904,129,82,8,6,42,13,58,,,26
70378,VARVARIN,1981,2259,733,7,219,3,1123,44,60,0,0,31,13,17,,,9
70386,VELIKA PLANA,1981,4446,1217,20,1151,57,1167,460,105,7,18,81,35,90,,,38
70394,VELIKO GRADIŠTE,1981,3595,2053,724,195,7,416,99,58,4,3,0,3,27,,,6
70408,VLADIMIRCI,1981,1604,991,1,170,40,303,41,5,11,12,3,18,3,,,6
70416,VLADIČIN HAN,1981,415,8,46,39,15,235,29,12,0,1,4,5,14,,,7
70424,VLASOTINCE,1981,480,127,45,106,5,104,12,6,0,5,19,32,10,,,9
70432,VRANJE,1981,1330,109,1,292,0,554,219,32,8,6,25,25,39,,,20
70459,VRNJAČKA BANJA,1981,615,41,0,96,7,248,89,26,6,17,29,20,29,,,7
70467,GADŽIN HAN,1981,527,296,0,42,3,88,42,31,0,2,10,4,7,,,2
70475,GOLUBAC,1981,1379,673,29,143,22,211,245,10,1,4,11,8,10,,,12
70483,GORNJI MILANOVAC,1981,1073,49,0,345,22,401,76,38,9,14,44,38,28,,,9
70491,DESPOTOVAC,1981,5147,1580,7,1525,7,536,772,392,7,14,16,230,43,,,18
70505,DIMITROVGRAD,1981,289,23,0,87,1,97,13,25,0,0,0,13,10,,,20
70513,DOLJEVAC,1981,372,65,0,49,4,200,10,18,0,3,1,2,17,,,3
70521,ŽABARI,1981,3720,2121,147,537,5,554,198,61,20,0,24,16,10,,,27
70530,ŽAGUBICA,1981,1021,443,14,130,17,348,49,1,0,0,8,4,2,,,5
70548,ŽITORAĐA,1981,364,85,0,51,9,126,33,7,0,1,9,22,16,,,5
70556,ZAJEČAR,1981,2071,713,2,237,2,883,144,11,1,12,18,7,28,,,13
70564,IVANJICA,1981,594,117,0,211,3,147,40,6,6,9,21,17,5,,,12
70572,KLADOVO,1981,4499,1576,2,355,17,1003,30,489,1,1,2,13,997,,,13
70599,KNIĆ,1981,542,27,0,74,3,164,46,118,1,0,61,33,13,,,2
70602,KNJAŽEVAC,1981,654,98,0,127,4,355,15,6,4,4,21,3,6,,,11
70629,KOSJERIĆ,1981,428,7,0,103,14,146,115,16,1,0,13,0,10,,,3
70637,KOCELJEVA,1981,762,443,0,64,31,134,25,17,2,7,4,8,15,,,12
70645,KRAGUJEVAC,1981,3648,520,169,602,13,1080,454,368,19,29,190,105,71,,,28
70653,KRALJEVO,1981,2752,235,13,598,94,1056,274,166,25,47,104,68,51,,,21
70661,KRUPANJ,1981,297,56,0,46,28,87,37,1,0,1,0,5,24,,,12
70670,KRUŠEVAC,1981,4149,1063,8,399,23,1674,605,78,9,30,50,60,73,,,77
70688,KURŠUMLIJA,1981,475,80,3,98,14,150,29,28,0,6,23,14,29,,,1
70696,KUČEVO,1981,3558,1967,128,180,53,569,534,48,1,9,3,8,41,,,17
70700,LAJKOVAC,1981,505,73,8,61,21,155,108,21,0,4,17,6,21,,,10
70718,LEBANE,1981,524,102,1,174,14,134,29,3,5,2,7,23,15,,,15
70726,LESKOVAC,1981,2685,660,0,420,48,927,286,149,14,4,44,40,74,,,19
70734,LOZNICA,1981,3450,487,24,310,153,1469,708,42,2,22,4,137,60,,,32
70742,LUČANI,1981,511,101,0,173,11,130,17,13,1,0,34,17,8,,,6
70769,LJIG,1981,424,55,2,43,6,147,107,15,4,5,5,0,23,,,12
70777,LJUBOVIJA,1981,237,75,0,43,4,72,28,3,0,0,1,4,7,,,0
70785,MAJDANPEK,1981,477,219,7,115,2,74,11,1,0,1,6,10,17,,,14
70793,MALI ZVORNIK,1981,213,59,0,17,6,109,6,1,4,0,2,4,4,,,1
70807,MALO CRNIĆE,1981,3606,2459,140,159,23,573,159,21,0,6,20,15,15,,,16
70815,MEDVEĐA,1981,526,60,0,112,0,153,154,7,0,5,5,15,5,,,10
70823,MEROŠINA,1981,437,102,0,84,1,121,69,34,0,1,4,6,9,,,6
70831,MIONICA,1981,491,101,0,80,22,152,44,36,1,0,14,12,27,,,2
70840,NEGOTIN,1981,8048,3618,4,927,7,2756,306,143,1,17,118,18,101,,,32
70858,NIŠ,1981,3829,249,15,407,119,1825,237,504,6,98,64,108,156,,,41
70866,NOVA VAROŠ,1981,218,7,0,69,0,106,10,4,0,4,6,6,6,,,0
70874,NOVI PAZAR,1981,1835,59,1,238,6,991,374,17,7,5,8,24,81,,,24
70882,OSEČINA,1981,497,54,0,161,36,183,14,25,0,5,2,2,12,,,3
70904,PARAĆIN,1981,3649,1139,4,507,3,1060,321,275,3,13,48,223,36,,,17
70912,PETROVAC,1981,7161,3144,157,1165,130,1513,945,9,0,11,20,18,19,,,30
70939,PIROT,1981,1152,120,15,259,84,531,29,23,2,5,20,35,22,,,7
70947,POŽAREVAC,1981,6173,3084,523,444,107,1265,154,273,17,43,43,40,83,,,97
70955,POŽEGA,1981,626,33,0,201,18,211,33,24,3,35,15,43,9,,,1
70963,PREŠEVO,1981,1855,153,0,50,3,692,877,2,0,1,10,0,47,,,20
70971,PRIBOJ,1981,737,176,3,108,0,348,56,6,0,6,0,7,23,,,4
70980,PRIJEPOLJE,1981,752,34,1,196,0,412,43,17,0,7,1,6,20,,,15
70998,PROKUPLJE,1981,1890,304,3,282,34,800,153,107,17,14,34,67,72,,,3
71005,RAŽANJ,1981,443,97,0,120,1,93,118,0,0,0,0,3,10,,,1
71013,RAČA,1981,958,432,2,204,7,186,89,0,5,2,17,2,6,,,6
71021,RAŠKA,1981,362,29,0,57,1,93,149,2,0,4,14,0,6,,,7
71030,REKOVAC,1981,1050,71,0,151,4,332,391,56,0,0,14,21,2,,,8
71048,JAGODINA (Svetozarevo),1981,2811,608,14,525,7,900,366,127,1,10,47,146,56,,,4
71056,SVILAJNAC,1981,6302,1062,15,2921,0,1218,773,142,4,57,30,31,37,,,12
71064,SVRLJIG,1981,366,47,0,50,0,187,11,15,1,0,1,24,19,,,11
71072,SJENICA,1981,786,53,0,230,1,369,73,18,2,7,0,1,11,,,21
71099,SMEDEREVO,1981,2114,782,11,370,45,605,178,8,15,25,27,9,19,,,20
71102,SMEDEREVSKA PALANKA,1981,4572,2195,56,460,18,1402,130,76,2,33,29,55,81,,,35
71129,SOKOBANJA,1981,635,293,0,102,1,150,55,6,0,0,5,3,18,,,2
71137,SURDULICA,1981,571,67,0,15,15,335,11,80,0,10,0,13,17,,,8
71145,UŽICE,1981,680,24,2,193,20,286,52,38,1,3,26,6,14,,,15
71153,TOPOLA,1981,1226,181,3,156,4,356,441,22,0,21,31,6,3,,,2
71161,TRGOVIŠTE,1981,131,51,0,49,0,18,4,0,0,0,0,5,3,,,1
71170,TRSTENIK,1981,2449,219,0,232,19,808,962,30,3,31,63,28,39,,,15
71188,TUTIN,1981,683,31,1,88,7,469,28,2,1,0,2,4,41,,,9
71196,ĆIĆEVAC,1981,288,58,3,61,2,122,21,3,0,0,7,0,9,,,2
71200,ĆUPRIJA,1981,2711,390,5,213,1,399,1337,173,1,7,22,102,54,,,7
71218,UB,1981,1596,690,29,242,21,368,73,39,10,37,8,19,48,,,12
71226,CRNA TRAVA,1981,41,0,0,5,1,23,5,3,0,0,0,4,0,,,0
71234,ČAJETINA,1981,224,14,0,58,6,91,14,3,8,1,17,0,11,,,1
71242,ČAČAK,1981,1526,75,4,390,33,604,160,61,22,23,38,34,51,,,31
71269,ŠABAC,1981,3885,949,6,376,272,1850,150,69,11,17,39,17,55,,,74
80012,ADA,1981,792,70,1,35,3,588,13,19,4,25,4,12,11,,,7
80039,ALIBUNAR,1981,2555,293,4,62,0,345,427,179,4,187,862,57,100,,,35
80047,APATIN,1981,1333,111,1,8,14,1062,27,9,2,10,1,46,28,,,14
80055,BAČ,1981,1203,122,0,59,2,798,26,4,0,11,19,137,13,,,12
80063,BAČKA PALANKA,1981,1156,150,2,41,3,752,49,29,2,16,8,77,19,,,8
80071,BAČKA TOPOLA,1981,951,74,0,22,3,766,25,7,1,1,0,13,5,,,34
80080,BAČKI PETROVAC,1981,558,53,0,20,2,295,8,5,0,56,8,72,22,,,17
80098,BELA CRKVA,1981,2252,1297,41,59,1,376,40,143,0,10,84,15,180,,,6
80101,BEOČIN,1981,162,28,0,4,0,84,12,12,0,1,0,5,11,,,5
80110,BEČEJ,1981,1284,113,0,47,0,859,139,30,0,14,10,37,28,,,7
80128,VRŠAC,1981,4477,1059,11,87,3,1228,711,727,2,47,327,44,157,,,74
80136,ŽABALJ,1981,784,176,0,26,1,375,10,37,0,8,59,64,19,,,9
80144,ŽITIŠTE,1981,1271,202,3,45,12,501,31,39,4,15,324,72,13,,,10
80152,ZRENJANIN,1981,4228,605,11,137,51,2356,125,116,12,115,286,223,124,,,67
80179,INĐIJA,1981,2081,158,4,117,49,1348,62,83,6,58,24,72,45,,,55
80187,IRIG,1981,338,49,0,25,22,206,4,17,0,1,0,5,9,,,0
80195,KANJIŽA,1981,923,20,0,7,1,827,14,15,5,11,3,8,3,,,9
80209,KIKINDA,1981,1228,64,2,30,9,888,33,39,13,18,17,79,35,,,1
80217,KOVAČICA,1981,1863,245,2,103,3,786,20,63,0,22,542,34,38,,,5
80225,KOVIN,1981,1778,687,6,165,0,514,54,132,5,12,44,58,33,,,68
80233,KULA,1981,1647,151,1,56,3,1190,36,28,1,29,14,96,26,,,16
80241,MALI IĐOŠ,1981,420,13,1,20,2,318,4,14,0,0,2,36,5,,,5
80250,NOVA CRNJA,1981,575,87,4,26,13,340,16,8,2,14,14,35,10,,,6
80268,NOVI BEČEJ,1981,824,152,0,41,1,430,16,21,7,39,42,51,20,,,4
80276,NOVI KNEŽEVAC,1981,499,72,0,10,1,284,91,6,0,6,8,10,10,,,1
80284,NOVI SAD /6x/,1981,5181,304,22,161,50,3229,250,263,35,119,99,281,236,,,132
80292,OPOVO,1981,224,43,0,37,0,85,21,7,0,0,8,2,14,,,7
80306,ODŽACI,1981,1190,75,14,27,4,783,82,58,7,19,8,65,41,,,7
80314,PANČEVO,1981,4407,460,5,267,16,2054,192,727,23,75,133,157,183,,,115
80322,PEĆINCI,1981,301,111,0,32,5,116,15,7,0,2,0,12,1,,,0
80349,PLANDIŠTE,1981,1299,145,0,33,0,340,324,187,1,17,60,150,35,,,7
80357,RUMA,1981,1701,362,10,80,119,782,99,50,7,20,15,92,53,,,12
80365,SENTA,1981,548,83,0,4,1,389,17,16,5,4,4,4,10,,,11
80373,SEČANJ,1981,769,293,0,19,4,303,20,20,8,3,28,28,40,,,3
80381,SOMBOR,1981,2928,190,15,41,29,2288,67,62,4,15,7,55,94,,,61
80390,SRBOBRAN,1981,403,28,0,25,0,302,3,6,0,0,0,20,19,,,0
80403,SREMSKA MITROVICA,1981,209,2,0,4,2,151,29,1,0,0,1,5,11,,,3
80411,SREMSKI KARLOVCI,1981,2231,760,3,109,87,956,73,32,17,17,39,59,34,,,45
80420,STARA PAZOVA,1981,1680,219,17,129,22,1005,34,47,8,23,0,64,81,,,31
80438,SUBOTICA,1981,3608,307,7,51,15,2563,89,226,10,63,42,115,69,,,51
80446,TEMERIN,1981,747,104,0,14,0,508,30,12,0,26,0,29,15,,,9
80454,TITEL,1981,482,63,0,12,2,361,18,7,0,0,4,8,6,,,1
80462,VRBAS,1981,912,22,2,25,6,694,17,13,1,8,0,73,28,,,23
80489,ČOKA,1981,366,84,0,8,0,234,15,5,0,4,0,4,10,,,2
80497,ŠID,1981,1223,214,0,31,43,748,61,35,0,11,2,41,30,,,7
70017,ALEKSANDROVAC,1991,1541,28,11,126,1,115,1130,2,7,7,22,6,3,,,83
70025,ALEKSINAC,1991,1876,418,20,88,9,464,582,58,0,11,8,32,51,,,135
70033,ARANĐELOVAC,1991,1294,338,32,119,1,280,250,17,13,20,32,5,22,,,165
70041,ARILJE,1991,245,27,3,52,4,48,25,4,0,11,31,6,4,,,30
70050,BABUŠNICA,1991,188,27,2,26,5,55,16,29,0,1,3,0,1,,,23
70068,BAJINA BAŠTA,1991,585,21,1,95,6,96,284,5,0,12,3,6,33,,,23
70076,BATOČINA,1991,1793,595,19,452,0,249,126,36,1,32,82,2,29,,,170
70084,BELA PALANKA,1991,104,14,0,9,9,43,4,4,0,10,0,0,9,,,2
70092,BARAJEVO /Beograd/,1991,852,172,0,102,4,358,53,36,5,34,2,9,22,,,55
70106,VOŽDOVAC /Beograd/,1991,5454,370,250,448,31,1573,450,358,124,386,408,226,341,,,489
70114,VRAČAR /Beograd/,1991,2481,95,62,194,30,516,192,119,100,245,303,86,192,,,347
70122,GROCKA /Beograd/,1991,3932,1355,71,326,28,1004,182,393,23,59,120,61,89,,,221
70149,ZVEZDARA /Beograd/,1991,5149,315,180,427,54,1047,328,366,62,336,292,207,427,,,1108
70157,ZEMUN /Beograd/,1991,5876,420,116,324,62,1382,289,220,110,269,285,240,567,,,1592
70165,LAZAREVAC /Beograd/,1991,1112,339,1,83,6,271,35,18,6,33,26,8,13,,,273
70173,MLADENOVAC /Beograd/,1991,1996,793,5,171,34,521,93,91,4,48,20,31,16,,,169
70181,NOVI BEOGRAD /Beograd/,1991,6319,423,198,379,146,1076,494,408,138,522,421,275,868,,,971
70190,OBRENOVAC /Beograd/,1991,2814,1582,35,107,6,475,118,62,19,36,21,12,47,,,294
70203,PALILULA /Beograd/,1991,6688,549,162,431,81,1698,372,518,108,527,343,424,834,,,641
70211,RAKOVICA /Beograd/,1991,1624,120,36,112,16,440,128,91,27,91,108,41,103,,,311
70220,SAVSKI VENAC,1991,1847,74,54,152,12,366,127,84,80,236,255,50,128,,,229
70238,SOPOT /Beograd/,1991,594,312,4,75,11,98,19,12,5,8,3,1,6,,,40
70246,STARI GRAD /Beograd/,1991,2494,90,46,210,35,445,196,132,99,190,375,84,166,,,426
70254,ČUKARICA /Beograd/,1991,4719,297,175,538,23,1256,376,260,130,303,457,149,214,,,541
70262,BLACE,1991,530,48,1,43,3,207,48,110,1,30,4,5,4,,,26
70289,BOGATIĆ,1991,1144,515,2,82,20,179,80,12,1,16,19,8,16,,,194
70297,BOJNIK,1991,189,43,3,33,5,40,21,15,0,2,2,0,9,,,16
70319,BOLJEVAC,1991,1102,660,0,38,3,134,129,1,0,3,1,2,3,,,128
70327,BOR,1991,570,170,9,82,4,119,59,2,5,25,22,13,17,,,43
70335,BOSILEGRAD,1991,51,3,0,4,0,2,3,0,2,0,1,0,19,,,17
70343,BRUS,1991,677,35,3,115,3,95,384,6,0,4,2,0,1,,,29
70351,BUJANOVAC,1991,354,14,8,6,0,141,136,9,1,1,0,0,9,,,29
70360,VALJEVO,1991,1865,420,3,169,42,680,228,90,9,57,35,38,31,,,63
70378,VARVARIN,1991,2140,822,1,127,8,805,105,47,11,2,27,14,25,,,146
70386,VELIKA PLANA,1991,4270,1146,85,956,38,684,521,58,7,28,63,15,72,,,597
70394,VELIKO GRADIŠTE,1991,4743,2414,791,168,15,323,239,57,4,9,0,4,58,,,661
70408,VLADIMIRCI,1991,1529,959,15,81,15,163,30,5,0,10,2,7,10,,,232
70416,VLADIČIN HAN,1991,270,25,16,20,7,131,38,6,0,1,0,2,9,,,15
70424,VLASOTINCE,1991,317,99,14,44,2,66,28,6,0,8,11,6,7,,,26
70432,VRANJE,1991,1095,52,5,76,0,426,318,13,6,22,12,7,56,,,102
70459,VRNJAČKA BANJA,1991,672,41,1,57,16,201,173,15,9,17,50,34,11,,,47
70467,GADŽIN HAN,1991,358,190,1,11,2,61,36,11,0,2,3,3,1,,,37
70475,GOLUBAC,1991,1899,794,51,135,20,173,416,16,0,3,0,4,33,,,254
70483,GORNJI MILANOVAC,1991,747,35,1,173,10,271,87,10,6,28,30,21,8,,,67
70491,DESPOTOVAC,1991,6220,1759,14,1256,1,344,1508,470,8,13,6,169,51,,,621
70505,DIMITROVGRAD,1991,168,25,2,25,0,67,10,12,0,1,8,3,0,,,15
70513,DOLJEVAC,1991,451,94,11,57,5,183,28,24,5,3,8,13,4,,,16
70521,ŽABARI,1991,4372,2307,353,457,5,495,413,31,2,15,16,13,16,,,249
70530,ŽAGUBICA,1991,1304,560,49,155,21,262,160,1,1,11,1,6,7,,,70
70548,ŽITORAĐA,1991,357,119,4,28,5,113,50,10,0,1,1,1,4,,,21
70556,ZAJEČAR,1991,1901,640,4,138,4,546,238,12,12,21,24,7,15,,,240
70564,IVANJICA,1991,337,50,1,77,5,74,34,11,6,23,11,5,9,,,31
70572,KLADOVO,1991,6046,2439,3,395,17,851,97,524,6,34,3,10,1083,,,584
70599,KNIĆ,1991,561,30,2,47,2,100,83,125,0,23,67,14,9,,,59
70602,KNJAŽEVAC,1991,539,105,6,83,1,194,34,2,2,5,3,0,6,,,98
70629,KOSJERIĆ,1991,265,4,0,51,9,72,103,6,0,1,2,1,0,,,16
70637,KOCELJEVA,1991,532,331,0,24,9,64,14,8,1,5,1,4,1,,,70
70645,KRAGUJEVAC,1991,3730,486,110,415,27,989,764,303,19,111,105,97,65,,,239
70653,KRALJEVO,1991,3164,226,152,377,82,936,576,161,49,111,129,82,51,,,232
70661,KRUPANJ,1991,316,68,0,10,12,77,68,2,0,1,0,5,16,,,57
70670,KRUŠEVAC,1991,4660,1130,27,277,28,1312,1253,91,9,74,42,71,54,,,292
70688,KURŠUMLIJA,1991,244,33,2,19,8,80,38,11,0,20,12,1,8,,,12
70696,KUČEVO,1991,4481,2216,178,135,45,444,1096,77,1,18,11,16,48,,,196
70700,LAJKOVAC,1991,294,47,1,17,16,89,85,8,0,5,2,4,2,,,18
70718,LEBANE,1991,386,102,1,111,6,71,26,0,4,11,11,7,7,,,29
70726,LESKOVAC,1991,2857,553,2,280,28,704,738,145,25,15,15,42,88,,,222
70734,LOZNICA,1991,3851,449,12,128,121,992,1217,61,9,10,16,97,60,,,679
70742,LUČANI,1991,256,63,0,48,0,72,12,2,0,3,21,12,1,,,22
70769,LJIG,1991,266,44,1,19,2,74,64,5,4,16,5,2,16,,,14
70777,LJUBOVIJA,1991,194,68,3,8,1,41,29,1,4,3,0,0,16,,,20
70785,MAJDANPEK,1991,510,271,23,64,4,43,34,5,1,8,8,3,4,,,42
70793,MALI ZVORNIK,1991,316,108,0,12,4,98,34,4,0,5,0,1,16,,,34
70807,MALO CRNIĆE,1991,4463,2968,208,115,21,421,360,22,1,8,27,6,15,,,291
70815,MEDVEĐA,1991,475,23,5,36,3,66,299,1,0,2,6,0,6,,,28
70823,MEROŠINA,1991,314,63,2,40,1,99,70,19,0,1,1,3,5,,,10
70831,MIONICA,1991,337,69,0,25,11,109,50,20,0,18,14,2,9,,,10
70840,NEGOTIN,1991,10653,5009,3,779,8,2380,595,103,46,56,101,16,124,,,1433
70858,NIŠ,1991,3187,223,21,213,54,1206,330,307,24,140,75,120,107,,,367
70866,NOVA VAROŠ,1991,66,1,0,18,2,25,4,1,2,0,1,0,6,,,6
70874,NOVI PAZAR,1991,2868,178,7,131,5,1357,762,13,14,32,56,24,137,,,152
70882,OSEČINA,1991,210,43,0,44,14,61,10,7,0,11,0,1,10,,,9
70904,PARAĆIN,1991,4134,1424,7,328,5,754,610,284,1,34,50,185,28,,,424
70912,PETROVAC,1991,9488,3664,234,1189,63,1122,2549,13,3,17,10,15,23,,,586
70939,PIROT,1991,610,50,31,65,29,273,32,11,4,21,8,33,13,,,40
70947,POŽAREVAC,1991,7444,3740,753,417,71,1143,288,219,13,41,27,31,55,,,646
70955,POŽEGA,1991,311,16,2,86,6,65,24,12,3,14,2,15,11,,,55
70963,PREŠEVO,1991,127,19,0,5,0,31,55,0,0,3,0,1,4,,,9
70971,PRIBOJ,1991,557,121,1,53,0,154,105,3,2,6,3,15,28,,,66
70980,PRIJEPOLJE,1991,494,15,2,57,0,259,59,4,3,23,4,0,21,,,47
70998,PROKUPLJE,1991,1271,177,2,123,26,428,275,38,8,30,20,22,40,,,82
71005,RAŽANJ,1991,455,83,0,75,0,58,177,6,1,6,1,0,10,,,38
71013,RAČA,1991,927,366,1,162,3,118,151,1,0,8,16,2,3,,,96
71021,RAŠKA,1991,527,21,2,9,0,76,361,1,3,7,1,0,7,,,39
71030,REKOVAC,1991,1102,65,0,87,1,231,560,43,1,6,4,16,13,,,75
71048,JAGODINA (Svetozarevo),1991,4116,1055,70,428,17,782,1020,101,2,14,27,86,28,,,486
71056,SVILAJNAC,1991,7017,1166,31,2614,1,941,1229,155,3,37,28,22,41,,,749
71064,SVRLJIG,1991,290,63,1,19,0,141,10,7,0,6,0,8,10,,,25
71072,SJENICA,1991,708,34,1,83,2,374,145,2,8,11,3,1,11,,,33
71099,SMEDEREVO,1991,5523,2293,106,260,26,1019,358,103,13,60,41,75,109,,,1060
71102,SMEDEREVSKA PALANKA,1991,2082,774,9,203,28,390,207,8,4,18,20,10,54,,,357
71129,SOKOBANJA,1991,929,445,1,137,0,99,121,10,0,7,4,2,6,,,97
71137,SURDULICA,1991,363,69,0,5,12,149,22,45,2,4,6,0,16,,,33
71145,UŽICE,1991,463,17,3,75,20,151,72,11,6,23,16,6,30,,,33
71153,TOPOLA,1991,1200,139,1,94,2,231,581,13,1,25,12,1,1,,,99
71161,TRGOVIŠTE,1991,32,4,0,17,0,3,2,0,0,0,0,0,1,,,5
71170,TRSTENIK,1991,2312,133,0,117,16,457,1326,23,5,13,52,38,25,,,107
71188,TUTIN,1991,793,59,1,23,0,527,84,0,1,9,0,2,55,,,32
71196,ĆIĆEVAC,1991,249,70,6,26,2,71,29,4,1,8,5,0,9,,,18
71200,ĆUPRIJA,1991,3976,432,2,159,1,299,2268,140,1,0,22,61,26,,,565
71218,UB,1991,1428,783,5,123,16,249,93,6,9,61,12,2,19,,,50
71226,CRNA TRAVA,1991,14,4,0,4,0,0,2,3,0,0,0,0,1,,,0
71234,ČAJETINA,1991,91,3,1,29,1,30,10,0,1,6,0,1,4,,,5
71242,ČAČAK,1991,1530,101,11,212,44,536,237,55,10,67,23,48,56,,,130
71269,ŠABAC,1991,3608,1055,38,233,156,1242,263,58,20,47,30,48,52,,,366
80012,ADA,1991,423,45,0,22,2,223,10,10,1,40,0,6,9,,,55
80039,ALIBUNAR,1991,1754,272,5,23,0,256,473,100,7,66,349,35,82,,,86
80047,APATIN,1991,1215,186,1,9,13,788,30,2,4,18,7,65,21,,,71
80055,BAČ,1991,729,73,4,26,1,463,37,7,3,21,6,20,6,,,62
80063,BAČKA PALANKA,1991,830,102,7,20,4,444,80,32,2,19,4,3,6,,,107
80071,BAČKA TOPOLA,1991,530,52,0,4,0,371,23,4,4,19,4,7,9,,,33
80080,BAČKI PETROVAC,1991,394,52,1,18,2,183,29,1,0,30,11,18,20,,,29
80098,BELA CRKVA,1991,2189,1372,65,32,0,222,67,126,0,12,163,7,43,,,80
80101,BEOČIN,1991,171,22,0,1,0,61,13,8,1,3,5,8,13,,,36
80110,BEČEJ,1991,605,34,6,20,1,340,98,4,1,17,9,8,10,,,57
80128,VRŠAC,1991,3972,895,12,54,3,775,813,621,4,66,315,32,158,,,224
80136,ŽABALJ,1991,452,111,1,7,0,222,56,2,0,3,0,9,2,,,39
80144,ŽITIŠTE,1991,938,211,1,31,10,293,36,29,0,24,218,24,15,,,46
80152,ZRENJANIN,1991,2814,462,19,52,37,1353,141,37,7,62,145,186,72,,,241
80179,INĐIJA,1991,1417,141,17,52,25,877,63,52,2,31,13,19,13,,,112
80187,IRIG,1991,152,29,1,2,9,81,5,3,1,7,0,1,2,,,11
80195,KANJIŽA,1991,578,16,2,10,2,433,35,5,2,13,3,4,14,,,39
80209,KIKINDA,1991,694,29,2,19,2,451,43,14,6,18,22,36,23,,,29
80217,KOVAČICA,1991,782,163,0,25,0,306,31,29,0,15,138,9,22,,,44
80225,KOVIN,1991,1488,660,25,82,5,346,56,38,1,15,53,15,20,,,172
80233,KULA,1991,799,112,6,26,1,481,39,9,5,11,4,30,15,,,60
80241,MALI IĐOŠ,1991,276,3,0,5,1,176,17,11,0,13,0,27,5,,,18
80250,NOVA CRNJA,1991,308,82,1,10,3,143,5,0,0,17,2,21,10,,,14
80268,NOVI BEČEJ,1991,413,98,2,5,1,225,21,4,0,17,10,5,14,,,11
80276,NOVI KNEŽEVAC,1991,241,31,0,6,0,131,40,2,0,3,0,5,5,,,18
80284,NOVI SAD,1991,4753,353,60,161,43,2416,252,183,77,200,135,278,167,,,428
80292,OPOVO,1991,114,23,0,15,0,37,26,0,0,0,1,0,7,,,5
80306,ODŽACI,1991,1364,76,14,39,11,767,107,81,1,43,5,105,40,,,75
80314,PANČEVO,1991,2974,304,20,130,16,1081,248,310,22,97,86,76,165,,,419
80322,PEĆINCI,1991,230,82,0,17,2,90,10,8,0,1,0,3,1,,,16
80349,PLANDIŠTE,1991,834,118,0,12,0,139,261,83,0,18,68,31,8,,,96
80357,RUMA,1991,1376,363,35,42,59,532,88,16,2,18,13,21,26,,,161
80365,SENTA,1991,332,30,1,5,1,177,21,4,3,8,5,9,31,,,37
80373,SEČANJ,1991,629,266,1,24,4,180,16,7,0,5,45,11,45,,,25
80381,SOMBOR,1991,2166,211,15,24,18,1469,84,46,8,17,49,39,72,,,114
80390,SRBOBRAN,1991,203,25,3,15,0,114,4,2,0,0,1,2,3,,,34
80403,SREMSKA MITROVICA,1991,1863,593,3,61,48,635,144,24,3,29,13,24,31,,,255
80411,SREMSKI KARLOVCI,1991,137,7,0,0,1,92,8,0,0,1,1,9,5,,,13
80420,STARA PAZOVA,1991,1538,200,40,44,19,711,61,43,3,27,6,20,48,,,316
80438,SUBOTICA,1991,2308,179,11,50,7,1410,111,136,29,30,56,30,102,,,157
80446,TEMERIN,1991,576,80,1,17,3,346,39,0,0,10,7,1,11,,,61
80454,TITEL,1991,353,70,0,7,5,175,30,6,0,7,0,10,0,,,43
80462,VRBAS,1991,639,30,4,23,8,395,27,17,5,17,4,33,25,,,51
80489,ČOKA,1991,164,23,0,3,0,114,9,3,0,6,0,2,0,,,4
80497,ŠID,1991,805,151,1,10,14,414,75,14,0,12,0,13,5,,,96
70017,Aleksandrovac            ,2002,1999,38,38,142,4,134,1550,4,0,8,11,6,24,1,9,30
70025,Aleksinac                ,2002,2378,458,55,99,22,540,765,74,5,16,22,86,126,0,35,75
70033,Aranđelovac              ,2002,2032,539,84,125,9,405,409,34,19,42,93,23,122,0,30,98
70041,Arilje                   ,2002,199,10,2,22,10,49,14,0,1,28,13,13,27,0,4,6
70050,Babušnica                ,2002,94,5,15,5,0,20,9,1,0,0,6,1,11,0,14,7
70068,Bajina Bašta             ,2002,864,45,5,117,22,136,328,23,6,6,19,2,58,0,54,43
70076,Batočina                 ,2002,1029,393,71,248,1,156,45,14,4,5,50,13,13,0,5,11
70084,Bela Palanka             ,2002,96,12,4,5,1,25,6,0,0,0,3,0,25,0,3,12
70092,Barajevo /Beograd/            ,2002,1275,249,13,103,14,486,103,66,10,38,35,31,54,0,21,52
70106,Voždovac /Beograd/                  ,2002,6623,357,340,370,79,1504,423,196,242,623,807,204,938,34,190,316
70114,Vračar /Beograd/                    ,2002,3467,104,140,165,80,334,187,82,226,485,678,133,596,31,95,131
70122,Grocka /Beograd/                    ,2002,5026,1372,134,344,46,1341,343,501,67,118,178,144,198,0,115,125
70149,Zvezdara /Beograd/                  ,2002,5900,351,303,355,121,1165,314,240,237,632,678,250,838,36,157,223
70157,Zemun /Beograd/                     ,2002,6852,428,274,302,137,2087,428,394,169,501,572,272,876,21,152,239
70165,Lazarevac /Beograd/                 ,2002,1759,711,28,146,26,369,59,50,20,58,69,59,93,2,5,64
70173,Mladenovac /Beograd/                ,2002,2806,1055,114,181,63,665,153,165,8,41,72,31,121,0,31,106
70181,Novi Beograd /Beograd/              ,2002,8893,316,379,284,225,1281,520,219,426,1078,1421,335,1788,49,293,279
70190,Obrenovac /Beograd/                 ,2002,3320,1721,109,151,19,535,205,69,13,45,91,42,157,2,64,97
70203,Palilula /Beograd/                  ,2002,5552,285,238,288,118,1167,318,181,193,556,634,200,854,13,202,305
70211,Rakovica /Beograd/                  ,2002,3518,168,161,140,76,613,303,110,112,316,403,118,737,8,123,130
70220,Savski Venac /Beograd/              ,2002,2239,84,109,145,44,270,129,57,155,270,414,49,387,12,74,40
70238,Sopot /Beograd/                     ,2002,888,385,13,70,9,208,39,44,4,25,21,10,23,0,15,22
70246,Stari Grad /Beograd/                ,2002,3488,121,131,189,83,448,235,79,234,404,662,104,571,19,95,113
70254,Čukarica /Beograd/                  ,2002,6544,308,230,480,106,1598,506,240,210,625,609,225,863,21,210,313
70262,Blace                    ,2002,557,48,7,54,17,183,74,98,4,5,2,1,28,0,11,25
70289,Bogatić                  ,2002,1890,765,59,112,41,394,203,27,5,27,34,52,59,0,30,82
70297,Bojnik                   ,2002,389,26,28,82,38,111,19,20,0,4,0,5,28,0,19,9
70319,Boljevac                 ,2002,1543,924,0,42,4,291,228,3,0,0,7,14,12,2,0,16
70327,Bor                      ,2002,1445,317,109,95,15,394,89,25,13,73,44,29,140,0,14,88
70335,Bosilegrad               ,2002,205,3,4,1,0,12,0,0,0,1,11,0,142,0,10,21
70343,Brus                     ,2002,883,60,34,105,6,130,478,4,0,3,9,5,15,0,10,24
70351,Bujanovac                ,2002,10380,148,38,101,38,2567,6251,327,64,73,247,12,345,15,3,151
70360,Valjevo                  ,2002,2591,623,33,204,105,774,216,102,30,78,129,31,115,0,13,138
70378,Varvarin                 ,2002,3257,1068,23,222,4,1203,143,93,0,13,55,19,37,0,5,372
70386,Velika Plana             ,2002,5550,1600,518,1193,67,840,751,107,27,30,122,40,175,1,24,55
70394,Veliko Gradište          ,2002,5854,3071,1743,135,13,361,238,47,3,7,2,42,61,0,2,129
70408,Vladimirci               ,2002,1879,1190,110,97,32,239,63,3,3,7,9,20,27,0,47,32
70416,Vladičin Han             ,2002,1053,39,42,28,28,593,53,83,1,0,11,5,89,0,65,16
70424,Vlasotince               ,2002,427,121,81,38,12,54,12,0,1,4,11,27,39,0,15,12
70432,Vranje                   ,2002,2400,133,79,116,5,941,498,149,16,33,48,18,272,0,18,74
70459,Vrnjačka Banja           ,2002,1157,68,49,74,11,308,368,46,12,25,51,30,45,4,26,40
70467,Gadžin Han               ,2002,205,92,7,8,4,18,38,9,0,4,2,4,9,0,5,5
70475,Golubac                  ,2002,2218,965,235,136,16,194,563,22,0,2,4,46,22,0,1,12
70483,Gornji Milanovac         ,2002,859,20,22,162,15,250,148,35,5,19,64,11,55,3,27,23
70491,Despotovac               ,2002,7392,2066,92,1609,15,371,2131,735,7,12,13,214,83,0,4,40
70505,Dimitrovgrad             ,2002,156,24,1,18,0,59,12,2,0,1,1,0,32,0,0,6
70513,Doljevac                 ,2002,476,61,17,42,13,202,24,24,5,6,18,14,28,0,2,20
70521,Žabari                   ,2002,5308,2586,731,587,1,578,614,45,9,7,11,69,15,0,2,53
70530,Žagubica                 ,2002,2166,820,465,223,24,343,215,6,0,1,10,22,11,3,6,17
70548,Žitorađa                 ,2002,615,136,4,55,11,151,67,12,0,1,12,13,128,0,13,12
70556,Zaječar                  ,2002,3513,1021,106,186,11,1262,427,26,9,28,93,25,206,2,1,110
70564,Ivanjica                 ,2002,411,56,7,87,10,79,62,1,0,18,37,2,17,1,27,7
70572,Kladovo                  ,2002,7750,3647,17,550,11,1122,159,613,7,3,19,33,1444,2,3,120
70599,Knić                     ,2002,313,24,11,19,0,53,68,61,2,10,8,4,15,0,5,33
70602,Knjaževac                ,2002,929,150,43,68,1,464,55,2,2,12,23,4,66,0,8,31
70629,Kosjerić                 ,2002,278,7,5,52,4,53,103,14,4,5,0,2,10,0,10,9
70637,Koceljeva                ,2002,1067,660,64,53,33,110,29,3,1,14,4,18,27,4,11,36
70645,Kragujevac - grad        ,2002,5420,608,591,496,60,1270,890,298,42,159,231,89,372,4,88,222
70653,Kraljevo                 ,2002,4894,352,693,419,109,1132,876,187,83,130,240,91,267,0,145,170
70661,Krupanj                  ,2002,467,100,14,23,21,82,92,4,0,2,3,2,24,0,75,25
70670,Kruševac                 ,2002,6393,1211,226,301,59,2061,1557,134,18,82,105,109,171,1,132,226
70688,Kuršumlija               ,2002,305,15,19,8,6,137,34,8,1,0,19,7,36,0,4,11
70696,Kučevo                   ,2002,6267,2934,872,169,39,547,1457,79,1,6,13,29,74,0,1,46
70700,Lajkovac                 ,2002,423,66,33,32,16,89,92,17,4,2,8,6,33,0,1,24
70718,Lebane                   ,2002,719,135,224,146,7,99,14,4,5,5,20,2,28,0,12,18
70726,Leskovac                 ,2002,5151,920,121,474,100,1247,1101,245,35,22,96,61,391,0,213,125
70734,Loznica                  ,2002,5620,625,103,227,232,1379,1988,78,21,72,40,174,191,2,187,301
70742,Lučani                   ,2002,452,98,16,58,7,89,29,6,0,7,31,13,48,0,32,18
70769,Ljig                     ,2002,498,79,9,18,3,143,101,20,4,14,47,7,36,1,4,12
70777,Ljubovija                ,2002,278,103,6,15,2,48,24,0,0,1,18,4,8,0,22,27
70785,Majdanpek                ,2002,1288,433,354,72,4,122,75,8,2,7,54,20,95,0,1,41
70793,Mali Zvornik             ,2002,680,133,47,21,30,165,56,28,5,20,22,27,32,3,70,21
70807,Malo Crniće              ,2002,5074,3406,592,147,23,406,396,18,0,0,22,18,5,1,0,40
70815,Medveđa                  ,2002,669,20,158,29,9,108,287,7,4,9,3,4,21,0,4,6
70823,Merošina                 ,2002,523,84,56,48,1,112,89,13,0,1,8,1,90,0,12,8
70831,Mionica                  ,2002,328,75,1,25,2,92,44,19,0,0,14,12,22,1,17,4
70840,Negotin                  ,2002,14217,7297,26,977,30,3496,1028,213,8,33,203,106,528,4,1,267
70858,Niš /Niš/                     ,2002,5990,410,154,307,170,2040,527,489,77,315,224,208,816,2,66,185
70866,Nova Varoš               ,2002,185,4,12,1,28,53,9,4,1,7,3,3,19,0,10,31
70874,Novi Pazar               ,2002,10560,529,83,260,373,5926,1090,657,17,63,218,53,779,5,53,454
70882,Osečina                  ,2002,408,63,17,60,36,112,32,5,1,18,9,6,35,0,4,10
70904,Paraćin                  ,2002,5684,1885,41,446,8,1277,888,397,2,66,93,278,98,0,15,190
70912,Petrovac                 ,2002,11485,4166,967,1332,81,1178,3491,29,2,11,16,70,36,1,4,101
70939,Pirot                    ,2002,926,89,31,59,50,388,51,8,3,36,24,28,97,0,21,41
70947,Požarevac                ,2002,8542,4022,1956,433,107,952,331,247,24,34,67,77,109,0,20,163
70955,Požega                   ,2002,454,19,27,69,1,109,85,12,3,16,11,5,39,0,37,21
70963,Preševo                  ,2002,12991,966,26,189,65,2340,7656,119,36,34,489,61,869,8,1,132
70971,Priboj                   ,2002,3417,366,23,109,438,988,140,268,2,26,226,89,139,3,81,519
70980,Prijepolje               ,2002,4709,128,42,135,237,2275,96,328,26,90,129,48,416,1,94,664
70998,Prokuplje                ,2002,1764,203,52,107,48,586,389,73,13,35,32,29,131,0,14,52
71005,Ražanj                   ,2002,532,110,3,70,0,87,197,5,0,6,1,3,13,0,14,23
71013,Rača                     ,2002,1085,405,21,206,8,102,246,2,1,9,28,11,10,0,3,33
71021,Raška                    ,2002,864,24,24,21,2,167,527,3,3,14,11,8,26,1,14,19
71030,Rekovac                  ,2002,1264,57,39,65,7,254,718,32,0,2,45,10,12,0,5,18
71048,Jagodina                 ,2002,5509,1327,169,592,26,1257,1487,125,22,37,72,119,124,9,19,124
71056,Svilajnac                ,2002,7742,1344,42,3073,2,960,1869,126,7,61,52,46,55,0,5,100
71064,Svrljig                  ,2002,370,68,3,8,6,203,9,30,0,0,1,2,26,0,4,10
71072,Sjenica                  ,2002,5935,181,16,267,244,2858,458,305,22,6,148,9,293,7,18,1103
71099,Smederevo                ,2002,7521,2873,1345,348,52,1346,529,113,40,121,158,149,248,3,83,113
71102,Smederevska Palanka      ,2002,2777,1189,139,249,67,471,309,30,10,22,41,31,118,0,49,52
71129,Sokobanja                ,2002,1041,348,20,241,0,128,154,16,2,11,26,12,59,1,5,18
71137,Surdulica                ,2002,1436,119,30,8,56,880,30,144,3,0,14,1,50,0,60,41
71145,Užice                    ,2002,1201,38,31,115,28,268,132,34,31,56,47,25,188,4,152,52
71153,Topola                   ,2002,1299,125,14,103,3,212,723,6,6,22,21,2,11,0,6,45
71161,Trgovište                ,2002,26,1,1,7,0,1,4,0,0,0,1,0,10,0,0,1
71170,Trstenik                 ,2002,2966,144,48,125,30,572,1672,21,11,39,105,65,74,0,7,53
71188,Tutin                    ,2002,6347,343,23,62,100,4451,209,173,4,2,43,27,558,0,57,295
71196,Ćićevac                  ,2002,440,80,44,48,2,135,53,8,0,13,6,1,26,0,8,16
71200,Ćuprija                  ,2002,5232,612,14,280,7,409,3277,223,7,24,29,85,63,0,3,199
71218,Ub                       ,2002,1741,951,103,124,17,248,72,16,10,38,15,14,63,0,24,46
71226,Crna Trava               ,2002,27,0,0,3,2,1,1,6,0,0,0,0,1,0,8,5
71234,Čajetina                 ,2002,156,16,0,17,6,33,17,6,3,4,4,1,27,1,18,3
71242,Čačak                    ,2002,2494,144,107,348,74,700,330,81,38,90,138,50,217,2,57,118
71269,Šabac                    ,2002,6187,1532,458,318,278,1964,369,78,68,90,140,90,428,4,115,255
71277,Lapovo                   ,2002,904,231,9,257,0,133,141,13,1,9,44,4,40,0,6,16
71285,Niška Banja /Niš/             ,2002,317,62,15,28,4,71,27,31,0,13,8,9,25,0,1,23
80012,Ada                      ,2002,797,108,2,17,3,284,5,20,1,82,11,0,18,237,0,9
80039,Alibunar                 ,2002,2641,331,15,43,6,285,543,129,10,140,767,48,254,0,11,59
80047,Apatin                   ,2002,1307,199,20,5,8,722,46,10,13,56,20,31,80,61,5,31
80055,Bač                      ,2002,1006,141,190,18,2,444,41,8,5,15,22,19,72,0,16,13
80063,Bačka Palanka            ,2002,1242,180,50,22,9,567,121,32,11,35,21,29,103,4,7,51
80071,Bačka Topola             ,2002,835,50,9,3,7,292,17,10,26,42,5,14,21,329,2,8
80080,Bački Petrovac           ,2002,625,73,22,24,2,244,34,5,3,50,13,13,134,0,0,8
80098,Bela Crkva               ,2002,2629,1549,198,42,3,284,76,152,3,17,179,4,62,1,0,59
80101,Beočin                   ,2002,387,75,0,2,1,150,26,52,3,5,9,11,42,0,0,11
80110,Bečej                    ,2002,1040,89,12,14,5,402,111,26,6,31,13,21,36,248,3,23
80128,Vršac                    ,2002,4341,1017,41,42,17,826,833,707,14,87,285,34,290,13,5,130
80136,Žabalj                   ,2002,921,264,19,15,5,366,81,29,7,22,18,60,20,1,0,14
80144,Žitište                  ,2002,1156,268,3,27,13,378,49,25,12,29,156,53,66,38,2,37
80152,Zrenjanin                ,2002,3537,504,80,97,64,1448,164,70,31,174,186,113,287,185,31,103
80179,Inđija                   ,2002,1877,233,113,67,47,899,124,58,21,33,33,37,108,1,20,83
80187,Irig                     ,2002,372,36,18,9,11,156,49,4,4,23,5,11,24,1,1,20
80195,Kanjiža                  ,2002,1011,32,1,10,2,397,40,14,8,5,11,6,11,464,0,10
80209,Kikinda                  ,2002,1373,87,39,36,29,610,55,27,33,94,76,41,108,55,15,68
80217,Kovačica                 ,2002,1141,229,4,46,14,379,21,48,1,20,165,33,126,18,18,19
80225,Kovin                    ,2002,2375,823,206,220,23,540,83,122,14,18,85,62,86,42,7,44
80233,Kula                     ,2002,1265,141,75,39,2,616,59,13,10,94,48,31,68,34,0,35
80241,Mali Iđoš                ,2002,469,9,1,11,3,176,28,6,9,5,3,32,19,157,0,10
80250,Nova Crnja               ,2002,243,28,7,7,6,101,10,2,0,1,3,2,27,35,1,13
80268,Novi Bečej               ,2002,571,77,11,11,1,242,31,5,12,17,14,11,57,51,6,25
80276,Novi Kneževac            ,2002,384,29,1,5,1,174,60,2,2,15,21,8,16,39,1,10
80284,Novi Sad - grad          ,2002,7657,711,270,175,159,2634,419,191,264,505,478,236,936,334,96,249
80292,Opovo                    ,2002,288,38,1,34,10,79,43,17,0,0,10,3,27,0,12,14
80306,Odžaci                   ,2002,1121,86,38,50,9,524,86,58,10,12,25,43,94,23,17,46
80314,Pančevo                  ,2002,5131,630,152,241,47,1464,369,447,77,210,356,201,587,34,89,227
80322,Pećinci                  ,2002,404,132,23,9,4,102,44,11,2,2,3,10,22,0,18,22
80349,Plandište                ,2002,1086,130,7,24,6,185,303,113,0,27,93,148,19,10,1,20
80357,Ruma                     ,2002,2731,617,239,60,115,859,245,57,27,61,76,75,184,3,27,86
80365,Senta                    ,2002,913,49,4,2,11,171,17,13,1,30,8,5,40,551,1,10
80373,Sečanj                   ,2002,748,195,17,8,13,285,41,22,7,1,40,11,77,2,0,29
80381,Sombor                   ,2002,2855,346,101,40,28,1309,121,30,49,67,56,48,305,257,19,79
80390,Srbobran                 ,2002,323,34,8,5,1,141,24,0,2,0,6,12,28,26,5,31
80403,Sremska Mitrovica        ,2002,2865,931,101,85,72,890,276,47,20,51,55,38,188,2,27,82
80411,Sremski Karlovci         ,2002,231,7,6,2,6,107,26,0,10,2,13,6,31,4,1,10
80420,Stara Pazova             ,2002,2811,382,105,88,71,1052,251,75,26,91,80,81,245,7,69,188
80438,Subotica                 ,2002,4093,282,49,48,22,1267,99,100,41,184,124,58,244,1470,17,88
80446,Temerin                  ,2002,1006,213,11,29,6,387,57,19,9,29,4,25,20,158,2,37
80454,Titel                    ,2002,590,195,13,17,0,241,69,0,1,1,1,12,14,1,5,20
80462,Vrbas                    ,2002,671,55,17,11,28,351,25,10,10,22,13,18,50,21,4,36
80489,Čoka                     ,2002,239,18,1,7,0,89,14,13,0,7,1,5,5,71,0,8
80497,Šid                      ,2002,1380,299,44,48,45,481,150,14,18,38,21,38,92,0,2,90
70017,Aleksandrovac,2011,1921,46,38,112,1,133,1482,1,1,1,20,12,47,0,21,6
70025,Aleksinac,2011,1698,352,29,45,13,333,512,45,4,12,32,18,207,0,51,45
70033,Aranđelovac,2011,1314,233,53,131,4,245,232,36,12,26,71,40,173,1,28,29
70041,Arilje,2011,174,4,1,7,4,25,14,7,0,4,12,4,65,0,26,1
70050,Babušnica,2011,133,5,48,3,0,14,5,10,0,3,0,0,35,0,9,1
70068,Bajina Bašta,2011,590,24,7,34,9,73,200,6,5,16,21,2,132,1,57,3
70076,Batočina,2011,805,291,41,223,0,71,47,27,8,5,17,0,58,0,10,7
70084,Bela Palanka,2011,45,1,0,5,0,14,0,2,0,0,5,0,14,0,3,1
70092,Barajevo /Beograd/            ,2011,898,196,9,70,8,221,73,34,14,29,51,23,127,0,19,24
70106,Voždovac /Beograd/                  ,2011,4171,313,225,155,89,699,208,116,201,293,572,93,951,13,111,132
70114,Vračar /Beograd/                    ,2011,3006,95,121,162,66,216,144,67,264,279,563,100,733,12,82,102
70122,Grocka /Beograd/                    ,2011,3693,1028,131,240,35,768,285,351,23,69,143,98,353,4,90,75
70149,Zvezdara /Beograd/                  ,2011,4234,256,207,201,79,642,218,162,187,346,609,129,933,14,154,97
70157,Zemun /Beograd/                     ,2011,3821,229,241,136,76,705,238,152,130,223,432,114,939,10,145,51
70165,Lazarevac /Beograd/                 ,2011,959,474,26,46,9,136,28,16,14,12,56,10,104,5,16,7
70173,Mladenovac /Beograd/                ,2011,1483,532,79,77,35,275,116,64,10,29,38,8,135,1,37,47
70181,Novi Beograd /Beograd/              ,2011,6590,232,355,241,139,617,320,195,302,619,1140,165,1916,28,236,85
70190,Obrenovac /Beograd/                 ,2011,1934,901,119,103,19,265,94,56,10,25,69,10,160,3,56,44
70203,Palilula /Beograd/                  ,2011,3848,235,205,166,88,541,194,211,113,275,511,69,971,18,180,71
70211,Rakovica /Beograd/                  ,2011,2449,115,147,92,75,320,190,57,68,164,323,67,667,3,95,66
70220,Savski Venac /Beograd/              ,2011,1807,73,87,81,38,164,106,33,152,147,368,39,414,3,56,46
70238,Sopot /Beograd/                     ,2011,911,291,43,74,15,152,60,53,6,16,36,30,53,0,16,66
70246,Stari Grad /Beograd/                ,2011,2549,86,117,122,65,230,174,46,229,218,480,71,593,31,48,39
70254,Čukarica /Beograd/                  ,2011,4679,226,222,355,84,813,301,190,222,298,530,125,1079,16,153,65
70262,Blace,2011,343,10,7,21,6,96,52,98,0,2,4,2,35,1,8,1
70289,Bogatić,2011,1481,633,24,61,37,251,149,16,4,6,22,40,159,0,67,12
70297,Bojnik,2011,148,21,25,21,6,50,6,1,0,1,0,0,10,0,3,4
70319,Boljevac,2011,1396,858,8,31,1,212,196,5,1,4,5,10,45,1,4,15
70327,Bor,2011,1018,167,108,60,11,157,66,9,5,27,76,18,268,2,23,21
70335,Bosilegrad,2011,369,6,23,2,2,17,5,1,1,0,0,0,299,0,10,3
70343,Brus,2011,532,12,31,38,4,58,289,0,0,3,13,4,49,0,22,9
70351,Bujanovac,2011,368,14,22,19,4,122,57,41,0,1,3,0,71,2,1,11
70360,Valjevo,2011,2702,683,56,179,73,595,247,81,29,122,141,31,341,4,97,23
70378,Varvarin,2011,2456,825,65,194,2,988,147,103,1,4,50,5,46,0,2,24
70386,Velika Plana,2011,4920,1419,749,999,32,465,569,112,22,17,91,20,210,0,38,177
70394,Veliko Gradište,2011,5839,3056,2035,137,11,173,242,15,2,4,10,12,44,0,0,98
70408,Vladimirci,2011,1274,875,60,53,21,127,25,5,0,8,5,0,42,0,35,18
70416,Vladičin Han,2011,766,47,53,53,9,317,39,91,0,5,13,0,87,0,37,15
70424,Vlasotince,2011,590,83,176,55,12,59,24,11,1,0,10,18,123,0,13,5
70432,Vranje,2011,1519,52,86,72,5,390,284,137,11,21,44,3,337,0,40,37
70459,Vrnjačka Banja,2011,778,42,38,51,7,169,226,38,5,20,33,24,89,0,24,12
70467,Gadžin Han,2011,72,17,1,0,0,14,6,4,0,1,1,0,25,0,2,1
70475,Golubac,2011,2007,922,299,95,6,136,436,21,0,4,4,3,22,2,3,54
70483,Gornji Milanovac,2011,700,13,50,85,16,130,82,24,5,17,68,24,104,1,66,15
70491,Despotovac,2011,5840,1581,105,1242,1,243,1677,678,3,10,7,152,58,1,1,81
70505,Dimitrovgrad,2011,281,18,1,2,0,30,0,2,2,5,23,0,192,0,3,3
70513,Doljevac,2011,680,109,64,58,12,219,26,36,12,0,1,25,63,0,20,35
70521,Žabari,2011,4933,2447,714,477,2,439,561,37,9,1,11,16,27,0,1,191
70530,Žagubica,2011,2847,937,980,233,27,288,236,14,0,0,12,17,39,3,7,54
70548,Žitorađa,2011,126,27,1,16,0,11,16,1,0,0,0,1,42,0,8,3
70556,Zaječar,2011,2507,697,116,116,17,667,354,22,15,20,111,10,286,6,5,65
70564,Ivanjica,2011,220,20,8,9,5,37,29,4,3,5,30,0,42,0,27,1
70572,Kladovo,2011,6746,3359,31,420,6,807,131,534,3,1,31,7,1285,9,7,115
70599,Knić,2011,175,11,18,17,0,26,19,43,0,3,7,2,24,1,2,2
70602,Knjaževac,2011,504,53,18,47,3,132,19,13,1,12,59,1,122,0,11,13
70629,Kosjerić,2011,165,3,1,15,0,21,49,9,5,4,12,5,15,0,25,1
70637,Koceljeva,2011,1062,762,38,48,13,57,19,8,4,7,5,3,60,4,22,12
70645,Kragujevac,2011,4938,413,684,421,33,842,682,374,69,104,276,65,743,9,121,102
70653,Kraljevo,2011,3776,232,530,309,63,560,756,175,71,86,151,42,625,3,133,40
70661,Krupanj,2011,417,45,13,12,6,59,57,0,0,0,4,3,102,0,105,11
70670,Kruševac,2011,4079,669,248,170,36,761,1205,93,36,34,144,56,481,6,102,38
70688,Kuršumlija,2011,207,11,23,13,1,86,5,9,0,0,8,4,23,0,17,7
70696,Kučevo,2011,6824,3237,1235,174,61,410,1381,98,0,4,27,16,105,0,2,74
70700,Lajkovac,2011,232,26,11,6,3,46,80,4,1,1,8,0,34,0,1,11
70718,Lebane,2011,726,128,308,92,8,53,8,7,5,3,14,1,73,0,10,16
70726,Leskovac,2011,4691,783,244,414,69,711,1013,230,18,16,154,26,699,7,239,68
70734,Loznica,2011,5489,582,144,264,167,1117,1755,93,30,60,83,106,634,0,250,204
70742,Lučani,2011,305,46,6,22,3,41,12,6,2,6,37,7,74,0,31,12
70769,Ljig,2011,199,22,7,9,3,52,46,1,1,0,25,0,19,0,12,2
70777,Ljubovija,2011,376,95,17,9,4,50,27,0,0,1,4,1,111,0,55,2
70785,Majdanpek,2011,1117,391,353,16,0,63,43,14,1,8,25,3,129,0,5,66
70793,Mali Zvornik,2011,646,88,39,7,9,106,59,17,10,3,11,5,201,0,88,3
70807,Malo Crniće,2011,5519,3818,691,112,23,282,401,25,0,10,21,11,12,0,0,113
70815,Medveđa,2011,617,48,184,58,13,81,152,5,0,5,5,2,17,0,9,38
70823,Merošina,2011,350,28,39,48,0,39,73,5,0,0,10,0,80,0,13,15
70831,Mionica,2011,232,68,6,10,0,48,38,7,0,2,5,0,33,0,9,6
70840,Negotin,2011,12763,6753,47,709,32,2708,958,182,9,19,136,42,561,3,3,601
70866,Nova Varoš,2011,290,5,7,27,14,20,2,2,0,6,12,0,164,1,24,6
70874,Novi Pazar,2011,9925,592,109,236,266,5016,1050,636,16,69,188,9,1304,5,102,327
70882,Osečina,2011,238,26,2,34,16,67,21,5,0,8,11,0,29,0,9,10
70904,Paraćin,2011,4250,1583,29,337,16,701,743,394,7,28,65,116,157,0,21,53
70912,Petrovac na Mlavi,2011,10386,3662,1247,1163,49,717,3211,20,2,7,18,10,53,0,13,214
70939,Pirot,2011,935,47,65,51,29,280,59,14,5,11,46,18,272,2,26,10
70947,Požarevac,2011,7871,3552,2046,357,88,697,267,208,21,45,86,34,192,1,15,262
70955,Požega,2011,345,15,12,9,4,35,25,19,4,14,30,5,110,1,58,4
70963,Preševo,2011,167,2,0,0,1,51,63,1,0,0,0,0,32,0,0,17
70971,Priboj,2011,2448,146,17,99,282,537,101,156,8,15,103,26,850,0,82,26
70980,Prijepolje,2011,4560,99,41,155,203,1537,86,359,18,39,116,22,1727,1,84,73
70998,Prokuplje,2011,758,108,33,40,10,201,106,39,1,14,20,3,126,0,22,35
71005,Ražanj,2011,309,89,4,31,1,22,116,3,0,0,3,3,23,0,6,8
71013,Rača,2011,805,283,9,157,6,76,213,4,0,9,15,2,20,0,4,7
71021,Raška,2011,669,12,36,8,0,74,419,2,0,14,15,2,42,0,26,19
71030,Rekovac,2011,1036,47,48,57,2,164,577,45,0,1,48,7,25,0,2,13
71048,Jagodina,2011,4185,727,138,361,17,502,919,79,21,19,92,80,224,0,18,988
71056,Svilajnac,2011,6913,1200,57,2783,5,619,1766,130,4,28,34,38,74,0,15,160
71064,Svrljig,2011,299,48,13,9,10,126,0,21,0,0,6,1,54,0,10,1
71072,Sjenica,2011,2751,97,7,142,100,1219,194,111,0,10,76,1,731,0,15,48
71099,Smederevo,2011,6930,2282,1653,343,39,860,508,78,40,104,226,106,441,2,95,153
71102,Smederevska Palanka,2011,2173,794,219,162,66,328,207,45,19,17,38,11,164,3,59,41
71129,Sokobanja,2011,716,162,27,167,4,90,121,19,5,5,24,7,73,3,2,7
71137,Surdulica,2011,760,59,22,4,17,359,21,133,1,5,20,3,66,0,39,11
71145,Užice,2011,1162,25,62,70,21,174,71,23,21,45,101,16,325,6,193,9
71153,Topola,2011,1161,105,26,89,2,179,585,10,9,20,43,10,47,0,9,27
71161,Trgovište,2011,24,0,0,4,1,2,0,0,0,0,1,0,13,0,3,0
71170,Trstenik,2011,2430,125,82,51,7,538,1196,42,8,41,90,60,145,0,31,14
71188,Tutin,2011,4548,424,17,59,66,2905,109,136,0,3,32,16,582,0,35,164
71196,Ćićevac,2011,351,75,31,24,0,66,63,16,4,7,5,1,47,0,8,4
71200,Ćuprija,2011,5244,514,34,298,11,298,3389,316,4,16,25,66,118,1,3,151
71218,Ub,2011,996,583,67,27,13,100,58,9,4,19,12,2,66,0,29,7
71226,Crna Trava,2011,29,4,0,5,0,7,1,0,2,0,0,0,7,0,3,0
71234,Čajetina,2011,99,0,3,6,2,21,13,3,1,0,6,1,28,0,14,1
71242,Čačak,2011,1965,91,144,139,68,365,226,60,27,36,172,49,466,7,101,14
71269,Šabac,2011,4583,1285,298,224,193,1150,243,44,45,88,146,56,495,6,174,136
71277,Lapovo,2011,573,112,22,206,2,55,71,12,1,5,26,0,28,0,5,28
71285,Niška Banja /Niš/,2011,329,42,10,22,14,75,32,27,0,8,14,2,57,1,3,22
71293,Surčin /Zemun-Beograd/,2011,760,83,40,37,16,232,38,27,14,29,35,11,149,3,31,15
71307,Pantelej /Niš/,2011,868,20,61,36,20,188,88,79,17,22,94,7,203,0,27,6
71315,Crveni krst /Niš/,2011,996,49,100,50,23,304,86,74,19,22,22,37,164,0,24,22
71323,Palilula /Niš/,2011,1458,80,78,82,19,375,132,98,20,35,93,24,360,3,24,35
71331,Medijana /Niš/,2011,2052,131,85,93,48,324,146,167,45,110,272,52,506,6,32,35
71340,Kostolac /Požarevac/,2011,893,412,139,38,15,71,31,65,4,12,7,7,78,0,2,12
71358,Vranjska Banja /Vranje/,2011,264,14,8,4,3,109,26,48,0,0,6,4,30,0,5,7
80012,Ada,2011,680,61,3,9,3,111,13,14,6,41,9,0,35,365,0,10
80039,Alibunar,2011,1025,102,9,32,0,154,275,57,9,28,144,10,163,1,20,21
80047,Apatin,2011,1118,178,44,2,11,379,36,1,13,47,29,13,235,100,20,10
80055,Bač,2011,1103,107,331,20,6,274,51,13,5,15,22,46,195,1,12,5
80063,Bačka Palanka,2011,1049,116,75,39,3,251,84,22,12,16,23,19,344,10,23,12
80071,Bačka Topola,2011,808,38,13,1,5,149,8,12,13,21,15,3,98,410,17,5
80080,Bački Petrovac,2011,814,68,29,16,4,127,41,0,6,39,20,8,442,0,2,12
80098,Bela Crkva,2011,1425,769,164,28,0,123,23,84,0,7,131,0,66,0,6,24
80101,Beočin,2011,317,38,15,14,3,86,15,35,2,0,14,6,78,4,4,3
80110,Bečej,2011,588,26,8,7,6,128,32,5,6,8,35,8,117,185,12,5
80128,Vršac,2011,2388,528,23,47,10,291,453,383,11,40,145,18,390,7,11,31
80136,Žabalj,2011,408,122,14,1,1,121,31,20,0,4,8,2,59,2,12,11
80144,Žitište,2011,483,95,4,4,0,151,37,22,2,11,17,2,111,18,6,3
80152,Zrenjanin,2011,2901,415,105,55,53,736,159,69,28,118,220,63,611,149,83,37
80179,Inđija,2011,1367,141,107,34,27,466,94,54,26,49,56,32,194,7,61,19
80187,Irig,2011,182,17,13,2,0,49,22,3,4,8,4,4,43,0,5,8
80195,Kanjiža,2011,873,20,4,3,4,99,21,6,6,4,8,4,43,620,0,31
80209,Kikinda,2011,927,54,23,17,12,271,48,15,12,48,63,12,276,50,18,8
80217,Kovačica,2011,674,124,12,13,0,101,31,14,9,10,57,5,255,13,15,15
80225,Kovin,2011,1783,565,259,164,28,302,67,93,14,10,47,31,99,66,21,17
80233,Kula,2011,1030,71,129,25,8,228,67,5,10,110,66,17,238,37,10,9
80241,Mali Iđoš,2011,363,10,1,8,1,72,6,3,1,4,8,9,51,185,2,2
80250,Nova Crnja,2011,134,23,1,5,0,40,2,1,2,2,1,2,21,24,7,3
80268,Novi Bečej,2011,569,106,20,13,2,150,36,7,2,8,36,6,122,53,3,5
80276,Novi Kneževac,2011,270,11,2,7,0,82,29,1,8,0,14,0,35,75,1,5
80284,Novi Sad,2011,5649,520,314,147,76,1101,286,113,167,252,581,98,1574,204,121,95
80292,Opovo,2011,195,28,6,6,4,47,23,13,1,5,12,3,26,2,12,7
80306,Odžaci,2011,828,51,85,9,11,248,61,66,1,28,28,17,173,13,18,19
80314,Pančevo,2011,2604,245,142,182,27,585,198,125,61,58,272,50,511,18,100,30
80322,Pećinci,2011,224,59,7,6,1,53,13,16,1,3,12,0,33,0,17,3
80349,Plandište,2011,412,26,3,3,0,78,145,51,0,4,30,10,53,3,2,4
80357,Ruma,2011,1425,283,180,37,36,318,117,33,10,37,43,16,244,3,42,26
80365,Senta,2011,801,15,3,7,5,63,9,25,3,21,12,3,60,566,1,8
80373,Sečanj,2011,423,133,4,9,1,90,29,7,3,5,25,8,81,1,12,15
80381,Sombor,2011,1736,217,131,19,7,448,56,14,39,48,85,23,421,198,17,13
80390,Srbobran,2011,237,23,9,6,2,96,17,0,4,0,5,4,47,13,8,3
80403,Sremska Mitrovica,2011,2801,821,144,50,74,575,200,20,35,55,88,42,597,5,49,46
80411,Sremski Karlovci,2011,198,13,8,2,4,69,16,0,9,8,12,0,38,3,7,9
80420,Stara Pazova,2011,1716,207,95,47,37,501,150,40,32,41,80,38,351,2,75,20
80438,Subotica,2011,3836,162,114,58,21,661,77,95,77,102,239,57,655,1419,39,60
80446,Temerin,2011,651,114,16,18,6,121,47,11,9,20,18,2,106,142,14,7
80454,Titel,2011,364,145,1,10,1,122,16,5,0,4,2,6,40,0,6,6
80462,Vrbas,2011,627,38,46,18,8,162,14,24,20,34,31,8,189,24,5,6
80489,Čoka,2011,193,13,1,3,0,49,12,1,1,6,1,0,23,80,2,1
80497,Šid,2011,1294,195,54,38,43,315,116,22,24,15,23,25,343,1,10,70
80519,Petrovaradin /Novi Sad/,2011,835,64,30,12,13,230,51,30,23,40,70,35,181,16,14,26
